GLOBAL,CATEGORY,YEAR,INDICATOR,SOURCE,DESCRIPTION,UNIT,MAP,GRAPH,FILE,OPTIONS,TYPE,3526,3510,3505,3522,3511,3525,3509,3517,3506,3579,3572,3571,3577,3573,3576,3575,3574,3578,3524,3508,3519,3520,3507,3516,3518,3521,3501,3528,3514,3502,3513,3527,3515,3512,3529,3503,3523,3504,Z-0-PROVINSI,Z-1-NASIONAL
,Pendidikan,,,,,,,,,,,,,,,,,,,,,,,,,,,,,,,,,,,,,,,,,,,,,,,,,,
,>Angka Partisipasi Kasar (APK),,,,,,,,,,,,,,,,,,,,,,,,,,,,,,,,,,,,,,,,,,,,,,,,,,
,>>Usia 7-12 Thn (SD),2017,,,,,,,,,,,,,,,,,,,,,,,,,,,,,,,,,,,,,,,,,,,,,,,,,
,,,APK,,,%,,,,,,108.5,108.02,103.8,107.13,105.68,105.94,104.87,101.82,108.84,106.42,102.79,107.02,106.99,104.92,100.24,108.14,102.98,103.79,109.5,110.04,101.74,102.06,108.06,103.86,104.65,104.06,105.67,114.54,111.24,108.5,108.32,118.1,103.83,102.06,111.11,106.68,106.33,105.35,105.86,
,,2016,,,,,,,,,,,,,,,,,,,,,,,,,,,,,,,,,,,,,,,,,,,,,,,,,
,,,APK,,,%,,,,,,115.04,107.28,103.13,101.9,106.56,105.99,108.46,107.36,109.03,106.44,104.36,107.76,107.93,107.93,103.5,110.22,103.52,104.46,106.23,110.63,109.29,104.64,107.91,103.63,110.98,111.63,109.06,115.16,114.89,110.79,115.74,114.23,103.38,112.05,108.87,107.85,101.67,109.83,102.38,
,,,,,,,,,,,,,,,,,,,,,,,,,,,,,,,,,,,,,,,,,,,,,,,,,,,
,>>Usia 13-15 Thn (SMP),2017,,,,,,,,,,,,,,,,,,,,,,,,,,,,,,,,,,,,,,,,,,,,,,,,,
,,,APK,,,%,,,,,,87.59,90.74,95.99,94.95,100.81,9214,88.3,96.42,95.46,91.76,89.53,93.56,94.46,100.49,92.46,84.29,97.59,94.39,94.08,95.63,90.48,98.96,87.76,91.54,92.61,97.98,92.84,84.98,88.69,93.95,81.18,86.41,98.07,89.84,92.03,89.47,91.72,98.22,90.31,
,,2016,,,,,,,,,,,,,,,,,,,,,,,,,,,,,,,,,,,,,,,,,,,,,,,,,
,,,APK,,,%,,,,,,87.88,98.81,95.21,90.19,100.5,95.53,93.65,87.61,88.46,94.27,87.57,84.5,88.22,89.45,90.95,74.63,95.83,101.38,90.69,87.58,87.43,97.99,98.96,93.43,91.07,95.85,87.76,90.35,89.56,94.65,70.96,91.6,101.57,77.99,90.15,77.25,98.59,93.3,93.68,
,,,,,,,,,,,,,,,,,,,,,,,,,,,,,,,,,,,,,,,,,,,,,,,,,,,
,>>Usia 16-18 Thn (SMA),2017,,,,,,,,,,,,,,,,,,,,,,,,,,,,,,,,,,,,,,,,,,,,,,,,,
,,,APK,,,%,,,,,,50.47,74.62,69.03,86.54,56.7,92,78.86,88.91,78.26,113.47,111.78,109.91,101.87,81.41,119.1,89.56,89.61,94.39,91.58,57.95,89.85,99.81,82.56,89.86,82.62,93.47,79.51,81.5,78.06,85.45,59.99,50.94,103.86,69.28,85.21,80.53,73.29,75.41,62.67,
,,2016,,,,,,,,,,,,,,,,,,,,,,,,,,,,,,,,,,,,,,,,,,,,,,,,,
,,,APK,,,%,,,,,,47.88,79.13,81.06,88.79,67.01,112.25,65.42,85.46,80.96,131.06,124.22,132.3,113.96,77.69,139.87,111.67,114.54,90.71,97.61,58.78,101.17,101.6,67.76,99.64,83.45,84.74,81.82,86.87,60.22,91.79,43.07,54.05,102.07,81.61,94.57,84.35,78.79,87.7,67.09,
,,,,,,,,,,,,,,,,,,,,,,,,,,,,,,,,,,,,,,,,,,,,,,,,,,,
,,,,,,,,,,,,,,,,,,,,,,,,,,,,,,,,,,,,,,,,,,,,,,,,,,,
,>Angka Partisipasi Murni (APM),,,,,,,,,,,,,,,,,,,,,,,,,,,,,,,,,,,,,,,,,,,,,,,,,,
,>>Usia 7-12 Thn ,2017,,,,,,,,,,,,,,,,,,,,,,,,,,,,,,,,,,,,,,,,,,,,,,,,,
,,,APM,,,%,,,,,,97.38,99.11,97.67,97.01,98.15,97.42,97.06,96.47,98.07,98.17,97.76,97.97,98.17,97.86,97.6o,98.96,98.78,97.24,96.00,95.90,96.38,96.05,99.37,98.73,98.39,95.04,96.93,98.3o,99.16,97.39,97.8o,98.24,99.01,94.83,98.49,97.13,97.38,98.45,96.1,
,,2016,,,,,,,,,,,,,,,,,,,,,,,,,,,,,,,,,,,,,,,,,,,,,,,,,
,,,APM,,,%,,,,,,98.56,97.19,97.7,95.22,98.95,96.59,95.59,98.44,97.19,100,100,100,100,99.25,100,100,100,95.02,98.58,97.66,98.44,97.77,97.2,97.09,100,97.92,99.11,98.01,97.76,100,97.19,96.27,97.26,97.2,97.56,100,96.57,99.59,92.92,
,>>Usia 13-15 Thn ,2017,,,,,,,,,,,,,,,,,,,,,,,,,,,,,,,,,,,,,,,,,,,,,,,,,
,,,APM,,,%,,,,,,72.97,83.11,84.77,81.15,84.29,85.97,79.61,82.32,83.1,80.72,85.25,86.14,82.05,84.02,86.85,75.4,84.53,87.17,84.2,75.95,82.37,87.04,82.89,81.85,86.38,81.62,80.7,72.32,77.12,81.51,65.66,67.37,90.33,78.41,84.63,77.56,84.2,85.63,77.29,
,,2016,,,,,,,,,,,,,,,,,,,,,,,,,,,,,,,,,,,,,,,,,,,,,,,,,
,,,APM,,,%,,,,,,70.13,85.14,86.82,77.96,85.99,85.57,79.95,78.61,80.73,79.06,82.99,83.2,80.1,80.93,87.22,71.64,84.48,85.06,85.14,72.64,80.69,90.2,86.87,85.1,83.48,84.8,80.67,73.99,76.11,82.66,60.9,66.98,92.57,75.65,81.69,73.7,87.58,82.58,92.92,
,>>Usia 16-18 Thn,2017,,,,,,,,,,,,,,,,,,,,,,,,,,,,,,,,,,,,,,,,,,,,,,,,,
,,,APM,,,%,,,,,,39.81,59.74,57.68,66.51,47.14,75.15,56.35,71.05,64.57,71.04,79.44,84.33,78.59,62.73,79.88,60.32,67.55,69.46,68.04,43.62,73.79,77.79,51.34,72.83,63.96,69.33,66.21,63.59,49.96,69.27,34.22,42.31,73.73,52.69,68.85,65.92,59.35,64.13,53.05,
,,2016,,,,,,,,,,,,,,,,,,,,,,,,,,,,,,,,,,,,,,,,,,,,,,,,,
,,,APM,,,%,,,,,,37.43,63.17,59.6,66.39,42.75,76.93,54.54,67.15,62.72,68.75,85.55,86.37,79.24,61.22,85.08,58.07,66.71,73.23,68.12,41.74,70.55,80.5,54.97,73.94,60.69,66.36,63.48,60.39,46.83,66.87,30.09,39.67,75.31,48.44,72.08,65.87,61.94,62.96,52.12,
,,,,,,,,,,,,,,,,,,,,,,,,,,,,,,,,,,,,,,,,,,,,,,,,,,,
,,,,,,,,,,,,,,,,,,,,,,,,,,,,,,,,,,,,,,,,,,,,,,,,,,,
,>Angka Partisipasi Sekolah (APS),,,,,,,,,,,,,,,,,,,,,,,,,,,,,,,,,,,,,,,,,,,,,,,,,,
,>>Usia 0-6 Thn,2017,,,,,,,,,,,,,,,,,,,,,,,,,,,,,,,,,,,,,,,,,,,,,,,,,
,,,APS,,,%,,,,,,12.74,26.93,33.99,31.22,44.19,41.27,29.42,36.51,34.23,30.77,39.38,35.8,36.15,35.61,39.11,33.85,27.85,36.36,40.17,32.22,32.19,36.21,28.64,38.67,33.6,28.59,34.12,28.49,23.52,31.62,26.07,22.63,33.93,36.97,21.42,32.95,41.18,24.43,,
,,,,,,,,,,,,,,,,,,,,,,,,,,,,,,,,,,,,,,,,,,,,,,,,,,,
,>>Usia 7-12 Thn,2017,,,,,,,,,,,,,,,,,,,,,,,,,,,,,,,,,,,,,,,,,,,,,,,,,
,,,APS,,,%,,,,,,100,100,98.97,100,100,100,99.29,99.4,98.76,100,100,100,99.38,100,100,100,100,100,100,98.73,98.15,99.29,99.51,100,100,99.61,100,100,100,99.38,98.69,99.4,99.88,97.09,99.63,100,99.21,99.42,,
,,2016,,,,,,,,,,,,,,,,,,,,,,,,,,,,,,,,,,,,,,,,,,,,,,,,,
,,,APS,,,%,,,,,,99.76,99.21,98.55,99.47,100,99.46,98.44,100,98.23,100,100,100,100,100,100,100,100,100,100,98.05,98.44,98.81,99.17,99.84,100,100,100,100,100,100,98.26,99.85,100,97.2,100,100,99.83,100,,
,,,,,,,,,,,,,,,,,,,,,,,,,,,,,,,,,,,,,,,,,,,,,,,,,,,
,>>Usia 13-15 Thn,2017,,,,,,,,,,,,,,,,,,,,,,,,,,,,,,,,,,,,,,,,,,,,,,,,,
,,,APS,,,%,,,,,,91.78,96.97,97.64,95.03,95.92,99.58,95.98,97.15,97.89,98.51,97.52,99.52,100,95.56,97.98,94.85,97.59,98.11,99.3,94.83,97.32,99.33,97.46,96.97,99.06,99.72,95.97,96.85,96.81,98.88,91.96,93.32,98.98,95.79,95.59,93.64,93.13,97.41,,
,,2016,,,,,,,,,,,,,,,,,,,,,,,,,,,,,,,,,,,,,,,,,,,,,,,,,
,,,APS,,,%,,,,,,92.73,97.32,97.22,94.57,95.74,99.3,95.09,97.14,98.5,98.43,96.87,100,100,95.75,97.02,96.65,95.77,96.23,99.59,95.99,98.23,98.87,97.39,97.39,99.16,98.75,96.04,96.45,97.39,99.5,91.13,93.85,99.48,95.91,94.63,92.24,93.65,97.58,,
,,,,,,,,,,,,,,,,,,,,,,,,,,,,,,,,,,,,,,,,,,,,,,,,,,,
,>>Usia 16-18 Thn,2017,,,,,,,,,,,,,,,,,,,,,,,,,,,,,,,,,,,,,,,,,,,,,,,,,
,,,APS,,,%,,,,,,49.42,67.93,65.22,80.13,64.21,79.15,61.45,83.69,77.21,83.43,82.11,90.01,89.41,83.57,80.63,68.31,77.91,74.59,75.59,60.86,80.94,88.58,58.89,80.49,73.28,80.35,75.77,77.59,62.6,79.88,50.08,62.82,84.82,63.09,72.78,74.4,63.08,80.93,,
,,2016,,,,,,,,,,,,,,,,,,,,,,,,,,,,,,,,,,,,,,,,,,,,,,,,,
,,,APS,,,%,,,,,,55.54,74.23,67.06,72.84,53.97,87.17,65.17,74.82,73.19,86.68,89.46,89.52,86.49,78.32,89.42,66.29,80.34,83.75,74.39,53.98,80.25,88.5,64.36,78.4,71.26,75.19,68.71,73.6,54.93,83.53,40.95,54.87,81,55.22,77.21,70.44,69.66,76.24,,
,,,,,,,,,,,,,,,,,,,,,,,,,,,,,,,,,,,,,,,,,,,,,,,,,,,
,>Lama Sekolah Penduduk Usia  > 15 Tahun,2017,,,,,,,,,,,,,,,,,,,,,,,,,,,,,,,,,,,,,,,,,,,,,,,,,
,,,APS,,,%,,,,,,5.89,7.43,7.6,7.34,6.14,9.25,6.7,8.44,8.11,8.97,9.74,10.04,10.4,10.27,10.16,9.16,8.7,9.85,8.1,6.83,7.99,8.37,7.64,8.8,7.87,7.26,7.5,7.1,7.39,7.58,6.34,5.38,9.98,6.92,6.15,7.59,7.13,8.23,,
,,2016,,,,,,,,,,,,,,,,,,,,,,,,,,,,,,,,,,,,,,,,,,,,,,,,,
,,,APS,,,%,,,,,,5.99,7.39,7.61,7.18,6.02,9.14,6.73,8.21,8.11,8.48,9.01,9.48,9.64,10.28,9.21,8.62,8.39,10.6,7.79,6.49,7.35,7.63,7.58,8.31,7.56,6.94,7.19,6.95,7.23,7.35,5.94,5.1,10.41,6.34,6.25,7.34,6.87,8.01,,
,,,,,,,,,,,,,,,,,,,,,,,,,,,,,,,,,,,,,,,,,,,,,,,,,,,
,>Penduduk Buta Huruf Usia > 10 Tahun,2017,,,,,,,,,,,,,,,,,,,,,,,,,,,,,,,,,,,,,,,,,,,,,,,,,
,,,APS,,,%,,,,,,13.21,8.14,7.3,9.48,16.89,3.46,10.15,3.77,5.83,2.74,2.15,2.07,1.6,2.04,1.83,3.55,6.61,1.16,8.15,11.06,7.68,6.36,4.59,3.72,5.96,10.91,7.92,12.63,6.5,10.04,13.68,19.25,1.22,13.9,18.22,6.22,10.59,3.19,,
,,2016,,,,,,,,,,,,,,,,,,,,,,,,,,,,,,,,,,,,,,,,,,,,,,,,,
,,,APS,,,%,,,,,,15.02,7.3,5.84,8.56,14.29,3.63,11.44,3.22,5.01,2.79,2.23,1.66,3.28,1.66,2.37,2.97,6.61,1.58,7.52,10.93,9.6,6.67,6.42,3.79,7.05,10.88,7.84,11.78,6.17,9.38,14.94,21.25,1.08,14.46,18.83,5.17,10.84,2.88,,
,,,,,,,,,,,,,,,,,,,,,,,,,,,,,,,,,,,,,,,,,,,,,,,,,,,
,> pendidikan yang di tamatkan Usia > 10 Tahun ,,,,,,,,,,,,,,,,,,,,,,,,,,,,,,,,,,,,,,,,,,,,,,,,,,
,>>SMP ke Bawah,2017,,,,,,,,,,,,,,,,,,,,,,,,,,,,,,,,,,,,,,,,,,,,,,,,,
,,,APS,,,%,,,,,,87.31,79.02,80.5,79.09,83.6,62.38,83.47,72.11,74.4,65.22,58.53,56.48,49.01,52.81,53.21,60.96,64.82,57.03,72.17,82.93,72.4,68.27,80.75,67.54,76.68,79.75,80.7,77.95,77.98,76.04,85.35,88.99,55.44,79.91,82.44,80.11,82.05,75.97,,
,,,,,,,,,,,,,,,,,,,,,,,,,,,,,,,,,,,,,,,,,,,,,,,,,,,
,>>SMA Sederajat,2017,,,,,,,,,,,,,,,,,,,,,,,,,,,,,,,,,,,,,,,,,,,,,,,,,
,,,APS,,,%,,,,,,10.96,17.62,14.95,17.9,12.53,31.2,13.47,22.7,20.96,26.63,30.4,31.87,37.12,33.3,34.32,28.57,26.85,30.48,21.97,13.77,22.17,25.57,16.07,27.67,19.1,16.4,14.05,16.42,18.97,18.88,11.78,8.12,34.2,15.05,13.36,16.14,14.98,20.3,,
,,,,,,,,,,,,,,,,,,,,,,,,,,,,,,,,,,,,,,,,,,,,,,,,,,,
,>>Perguruan Tinggi,2017,,,,,,,,,,,,,,,,,,,,,,,,,,,,,,,,,,,,,,,,,,,,,,,,,
,,,APS,,,%,,,,,,1.73,3.35,4.55,3.02,3.86,6.42,3.06,5.19,4.64,8.15,11.07,11.65,13.87,13.89,12.47,10.47,8.32,12.48,5.86,3.3,5.43,6.16,3.18,4.79,4.22,3.85,5.25,5.63,3.05,5.08,2.87,2.89,10.36,5.04,4.2,3.75,2.97,3.73,,
,,,,,,,,,,,,,,,,,,,,,,,,,,,,,,,,,,,,,,,,,,,,,,,,,,,
,Indeks Kesejahteraan Rakyat  (IKraR),,,,Sumber: Kementerian Koordinator Bidang Kesejah-teraan Rakyat Republik Indonesia 2012,,,,,,,,,,,,,,,,,,,,,,,,,,,,,,,,,,,,,,,,,,,,,,
,>Indeks IKraR,2012,,<ahref='http://bps.go.id'>BPS diolah SAPA Indonesia</a>,,,,,,,,,,,,,,,,,,,,,,,,,,,,,,,,,,,,,,,,,,,,,,,
,,,Nilai IKRAR,,(Dimensi Sosial + Dimensi Ekonomi + Dimensi Demokrasi dan Governance),,0=[0x0EA34A][80][Tinggi (> 80)] 1=[0x33FF33][66][Menengah Atas (66.01 - 80)] 2=[0xFFFF00][50][Menengah Bawah (50.01 - 66)] 3=[0xFD0718][Rendah (<= 50)],t=[50] t2=[66] l=[Batas Rendah] l2=[Batas Menengah Bawah] c=[0xFD0718] c2=[0xFD0718],,nd=[h],,34.60140829,42.25680094,43.80656089,41.72832398,35.69266089,47.05027796,37.72010797,41.63612618,42.88600568,46.77933513,44.91298855,44.92239286,47.69360045,50.05086763,47.96991461,45.05515963,42.54979321,50.17783642,43.75603874,39.77964694,45.73514846,48.78808328,43.45205366,45.1437797,42.49956783,42.55707584,44.33694035,38.21017595,38.95233606,45.59944634,35.25007093,33.73118895,47.83599111,37.64913625,36.58040155,42.78226367,40.67930995,44.9481742,,
,,,Dimensi Keadilan Sosial,,"Indikator : Akses Listrik, Akses Berobat, Rekreasi, Lama Sekolah Usia > 15 tahun, Pemanfaatan Jaminan Sosial, Harapan Hidup > 40 th, Akses Air Bersih, Akses pada Sanitasi, Pengeluaran perkapita > GK, Pemerataan Pendapatan",,0=[0x0EA34A][26.67][Tinggi (> 26.67)] 1=[0x33FF33][22][Menengah Atas (22.01 - 26.67)] 2=[0xFFFF00][16.67][Menengah Bawah (16.68 - 22)] 3=[0xFD0718][Rendah (<= 16.67)],t=[16.67] t2=[22.00] l=[Batas Rendah] l2=[Batas Menengah Bawah] c=[0xFD0718] c2=[0xFD0718],,nd=[h],,17.11171736,19.51038682,20.45085938,18.95771178,15.55700066,22.87617577,16.94093355,19.86516396,20.03561027,22.68289666,22.4237363,21.26878199,23.38403399,22.9906537,23.4693535,21.43430372,20.9433853,23.56867785,20.52509336,18.81088171,20.81872704,22.42497813,20.55869323,21.1273753,20.38038122,20.03751903,19.99185339,18.05200449,17.31765948,21.13775714,15.09681817,16.13992707,23.01133053,15.6184201,15.6212364,19.05733102,18.44887616,20.97309638,,
,,,Dimensi Keadilan Ekonomi,,"Indikator : Kepemilikan Rumah Sendiri, Bekerja Usia > 15 Tahun, Rasio Pengeluaran terhadap GK, Rasio PAD terhadap APBD, Akses kepada Sumberdaya Ekonomi, Rasio Biaya Pendidikan terhadap total pengeluaran, Rasio Biaya Kesehatan terhadap total pengeluaran",,0=[0x0EA34A][26.67][Tinggi (> 26.67)] 1=[0x33FF33][22][Menengah Atas (22.01 - 26.67)] 2=[0xFFFF00][16.67][Menengah Bawah (16.68 - 22)] 3=[0xFD0718][Rendah (<= 16.67)],t=[16.67] t2=[22.00] l=[Batas Rendah] l2=[Batas Menengah Bawah] c=[0xFD0718] c2=[0xFD0718],,nd=[h],,8.719839505,11.38180664,12.24869071,11.09237188,10.01627432,11.59897817,10.11223615,10.4949867,11.66576224,10.53413172,10.61378105,10.0551456,9.604753849,11.82959929,11.11034269,10.96914985,9.199575271,12.03907833,11.18581331,10.0310975,11.9781448,12.99182281,11.76912227,11.54374255,10.76670308,10.63365465,12.68476549,10.18224228,10.53981212,12.34386796,10.6067014,10.06119306,11.91442082,10.71429031,9.822502521,11.69043261,10.62152587,11.68251121,,
,,,Dimensi Keadilan Demokrasi dan Government,,"Indikator : Akses informasi, Rasa Aman, Kebebasan Sipil, Hak Politik, Lembaga Demokrasi",,0=[0x0EA34A][26.67][Tinggi (> 26.67)] 1=[0x33FF33][22][Menengah Atas (22.01 - 26.67)] 2=[0xFFFF00][16.67][Menengah Bawah (16.68 - 22)] 3=[0xFD0718][Rendah (<= 16.67)],t=[16.67] t2=[22.00] l=[Batas Rendah] l2=[Batas Menengah Bawah] c=[0xFD0718] c2=[0xFD0718],,nd=[h],,8.769851426,11.36460748,11.1070108,11.67824031,10.11938591,12.57512402,10.66693826,11.27597552,11.18463317,13.56230675,11.87547119,13.59846528,14.70481261,15.23061464,13.39021842,12.65170606,12.40683263,14.57008025,12.04513207,10.93766773,12.93827662,13.37128234,11.12423815,12.47266185,11.35248353,11.88590216,11.66032147,9.975929181,11.09486446,12.11782124,9.546551358,7.530068824,12.91023976,11.31642584,11.13666263,12.03450004,11.60890792,12.29256661,,
,,,Laju Peningkatan Kesejahteraan,,Laju peningkatan/pertambahan kesejahteraan rakyat ,,0=[0x0EA34A][1.7][Cepat (> 1.7)] 1=[0x33FF33][1.5][Menengah (1.5.01 - 1.7)] 2=[0xFFFF00][1.3][Lambat (1.301 - 1.5)] 3=[0xfefe8d][0][Sangat Lambat (0 - 1.3)] 4=[0xFD0718][Negatif (< 0)],t=[1.5] l=[kurang dari 1.5 - Lambat] c=[0xFD0718],,nd=[h],,0.226987978,3.511945954,3.146277788,1.66079872,1.51201506,2.420765095,2.399444236,-1.170242397,3.009028079,2.383207869,-1.794746575,1.283969019,-0.188279597,4.205963123,0.53371405,0.907953616,2.262024256,3.679891992,-0.249276067,-0.311958649,3.052670907,2.705798644,-0.313945464,2.045434577,0.204963257,1.564149447,-0.317277985,2.017826247,0.111143994,1.721870677,1.656717435,1.575642923,-1.184895323,0.040022675,2.947745853,1.934228871,1.040648593,3.770924343,,
,,,Laju Rata Peningkatan Kesejahteraan,,Laju rata-rata per tahun peningkatan/pertambahan kesejahteraan rakyat (2009 - 2013),,0=[0x0EA34A][1.7][Cepat (> 1.7)] 1=[0x33FF33][1.5][Menengah (1.5.01 - 1.7)] 2=[0xFFFF00][1.3][Lambat (1.301 - 1.5)] 3=[0xfefe8d][0][Sangat Lambat (0 - 1.3)] 4=[0xFD0718][Negatif (< 0)],t=[1.5] l=[kurang dari 1.5 - Lambat] c=[0xFD0718],,nd=[h],,-0.241511172,1.387482448,-0.660983358,0.13298863,-0.595588253,0.989257406,-0.626242896,-0.278947346,-0.134285583,-0.575882279,-1.035694988,-0.396322035,-0.22742753,-0.978368092,0.383023238,0.97684321,-0.648027746,0.379199349,0.715239839,-0.819050222,1.104727633,0.426855167,-0.142586482,0.730501711,-0.508201889,-0.717567647,-0.767804398,-0.234590376,-1.191216064,0.239579697,-0.555091255,-0.715965611,-0.47766978,-0.32860225,-1.17439652,0.035948946,0.099020315,-0.949361312,,
,,,Peringkat Nasional,,Peringkat IKraR kabupaten secara nasional,,,,,,,464,290,221,307,456,117,424,312,257,126,188,187,105,62,100,181,281,55,227,364,147,83,239,178,285,280,205,409,389,155,457,472,104,428,446,265,343,186,,
,,,Peringkat di Provinsi,,Peringkat IKraR kabupaten di Provinsi terkait,,,,,,,37,25,17,26,35,7,32,27,20,8,15,14,6,2,4,12,23,1,18,29,9,3,19,11,24,22,16,31,30,10,36,38,5,33,34,21,28,13,,
,,2011,,,,,,,,,,,,,,,,,,,,,,,,,,,,,,,,,,,,,,,,,,,,,,,,,
,,,-,,,,,,,,,34.45262363,40.15507968,41.98112594,40.74420448,34.70539665,45.73669071,36.18899857,42.31122468,41.1141128,45.48001045,45.88422949,44.20601539,47.79189765,47.85778531,47.6907327,44.55171492,41.22017941,48.27438983,43.89589285,39.96692531,44.0264605,47.36385518,43.62902777,43.99830159,42.38147101,41.64430557,44.51298843,36.93768807,38.88440975,44.64632769,34.15927618,32.67031351,48.44684206,37.62417178,34.65417264,41.65371294,40.05549834,42.79086085,,
,,,-,,,,,,,,,16.40478489,18.83390069,20.121728,18.37516705,14.79189578,22.57516172,16.06873842,20.00920842,19.5351023,22.17623683,22.19399482,21.53060876,23.49064415,22.96697837,22.92538547,21.53340895,20.5499393,23.78299984,20.35166576,18.71963824,20.41294024,21.81979869,20.42955532,20.62181426,20.54014559,20.2972944,19.89670028,17.83110892,17.70080389,20.98118199,14.75709771,15.41825701,23.51452922,15.53933705,15.42049564,18.50790336,18.29777787,20.70761363,,
,,,-,,,,,,,,,8.858234741,11.22296014,11.71255238,11.18414759,9.87143331,11.46039763,10.27952539,11.71881412,11.11462742,10.43921226,12.06614161,9.170459912,9.677800094,11.08599277,11.53767968,11.76395342,9.462929632,11.48292342,11.88771529,10.69411018,11.40460413,12.6995961,12.25447191,11.77535656,10.88660025,10.53442438,13.52383647,9.853669353,10.97776955,11.70762802,10.30967021,9.861280283,12.19290621,11.15016328,9.271001436,11.96101506,11.13896011,11.27909209,,
,,,-,,,,,,,,,9.189604,10.09821884,10.14684557,11.18488985,10.04206756,11.70113135,9.840734762,10.58320214,10.46438308,12.86456136,11.62409306,13.50494672,14.62345341,13.80481417,13.22766755,11.25435256,11.20731047,13.00846658,11.6565118,10.55317689,12.20891614,12.8444604,10.94500053,11.60113078,10.95472517,10.81258679,11.09245168,9.252909797,10.20583631,11.95751768,9.092508254,7.390776216,12.73940663,10.93467145,9.962675559,11.18479452,10.61876036,10.80415512,,
,,,-,,,,,,,,,0.573184686,1.907755559,-1.943744397,-0.003156401,-1.153364133,1.573349273,-1.807764932,0.372385534,-0.542359367,-4.466997584,3.084594047,0.22646715,-0.588803427,0.544094564,2.273679862,5.421260247,1.491740265,3.290168578,3.089553521,0.453933507,1.215769043,0.513678418,2.937318889,2.82319178,1.966229848,1.119458435,2.113805588,-1.682609882,1.208783188,-0.770753478,-1.171410066,1.603432832,7.088831279,1.522560425,-3.217715872,-0.851832444,0.682021136,-2.887730806,,
,,,-,,,,,,,,,-0.476843124,0.337089081,-2.647925008,-0.641571628,-1.674711805,0.280288692,-2.191674468,0.164771948,-1.758867223,-2.105608378,-0.644600254,-1.252549914,-0.246537317,-3.727302676,0.309328763,1.020554166,-2.151726318,-1.319710909,1.194520139,-1.069260357,0.134873232,-0.732434782,-0.056728893,0.074560361,-0.866560592,-1.887956658,-0.989926785,-1.388822716,-1.844446083,-0.510353419,-1.68897718,-1.891574335,-0.122604276,-0.513120077,-3.333737825,-0.931202606,-0.375703578,-3.439193526,,
,,,-,,,,,,,,,465,357,285,335,461,135,448,272,323,142,131,187,83,82,87,171,319,73,202,361,195,95,212,198,269,299,176,434,384,165,467,480,70,420,462,298,359,257,,
,,,-,,,,,,,,,36,27,21,26,34,8,33,20,25,9,7,13,4,3,5,11,24,2,16,29,14,6,17,15,19,23,12,32,30,10,37,38,1,31,35,22,28,18,,
,,2010,,,,,,,,,,,,,,,,,,,,,,,,,,,,,,,,,,,,,,,,,,,,,,,,,
,,,-,,,,,,,,,34.07475019,38.99118054,43.08736215,40.74607477,35.44989442,44.86929212,37.32206824,42.09559706,41.43176312,47.81127934,44.16184921,44.07937354,48.09750134,47.5725303,46.47371637,41.37341518,40.33005887,46.51463103,42.10726584,39.69317241,43.3375763,47.09207861,41.92312474,42.37133383,41.22583585,40.98364197,43.31477293,37.98122216,38.13661556,45.06970485,34.92161098,31.57313469,44.51349752,36.65977863,36.69126776,42.14652759,39.64385668,44.39653911,,
,,,-,,,,,,,,,16.23800403,18.34978493,21.0616671,18.00103866,14.95433212,22.43032685,16.69695816,20.28492322,19.90378881,22.73173255,21.85502794,21.65758758,23.43451654,22.52613562,23.00493352,21.05581654,20.38398409,23.71752196,20.15232767,18.35626492,20.48464216,21.39632636,20.7050048,20.54892632,20.42117106,19.61470344,20.39680792,18.0227112,17.10796248,21.13798396,15.05077253,14.79083288,22.04733797,15.60283102,16.15257298,19.50621376,17.94057915,20.88363172,,
,,,-,,,,,,,,,9.776413442,10.73436929,11.88065436,11.38846317,10.35193725,10.58391815,10.68368191,11.26487547,11.49190762,11.75247162,11.98429038,10.35829652,10.30844569,12.13608809,11.33152461,9.785422471,9.268159885,10.62723097,10.71723059,10.60492486,10.44783843,12.82285579,11.97919757,11.15047477,10.89538586,10.29861811,11.74136171,10.13589157,10.73001605,11.60691911,10.43191882,9.88897638,11.09381099,10.73744947,9.501067322,11.63119878,10.96455477,12.55131368,,
,,,-,,,,,,,,,8.060332722,9.907026318,10.14504069,11.35657294,10.14362505,11.85504712,9.941428166,10.54579838,10.0360667,13.32707517,10.32253089,12.06348943,14.35453911,12.91030659,12.13725824,10.53217618,10.6779149,12.16987809,11.23770758,10.73198263,12.4050957,12.87289645,9.238922375,10.67193274,9.90927893,11.07032043,11.1766033,9.822619391,10.29863704,12.32480179,9.438919622,6.893325426,11.37234856,10.31949815,11.03762746,11.00911504,10.73872276,10.96159371,,
,,,-,,,,,,,,,-1.535673177,-1.257568734,-3.288191579,-1.279946455,-2.171019714,-1.02896104,-2.529850258,-0.04300177,-2.959324902,0.244843667,-4.513002357,-2.737767121,0.095168438,-8.042458496,-1.693527735,-3.573902468,-5.882951253,-6.1313212,-0.722845956,-2.604275902,-0.957665581,-1.988763833,-3.14309953,-2.751758476,-3.773547653,-4.950793829,-4.18205977,-1.076915268,-4.957602015,-0.248041571,-2.180995889,-5.474359175,-7.893604109,-2.588207604,-3.34221674,-1.00203709,-1.443271711,-3.878651239,,
,,,-,,,,,,,,,-1.535673177,-1.257568734,-3.288191579,-1.279946455,-2.171019714,-1.02896104,-2.529850258,-0.04300177,-2.959324902,0.244843667,-4.513002357,-2.737767121,0.095168438,-8.042458496,-1.693527735,-3.573902468,-5.882951253,-6.1313212,-0.722845956,-2.604275902,-0.957665581,-1.988763833,-3.14309953,-2.751758476,-3.773547653,-4.950793829,-4.18205977,-1.076915268,-4.957602015,-0.248041571,-2.180995889,-5.474359175,-7.893604109,-2.588207604,-3.34221674,-1.00203709,-1.443271711,-3.878651239,,
,,,-,,,,,,,,,462,352,189,297,436,132,398,236,272,62,157,159,58,68,87,275,308,86,234,332,184,78,248,218,283,289,185,382,377,125,447,472,140,422,421,232,334,147,,
,,,-,,,,,,,,,37,29,15,25,35,8,32,19,21,2,11,12,1,3,6,22,26,5,18,27,13,4,20,16,23,24,14,31,30,7,36,38,9,34,33,17,28,10,,
,,2009,,,,,,,,,,,,,,,,,,,,,,,,,,,,,,,,,,,,,,,,,,,,,,,,,
,,,-,,,,,,,,,35.07183461,39.74887979,44.89918259,41.49490862,36.82151185,45.43078805,38.86860109,42.12048628,43.11517006,47.68318493,46.57301051,45.56955243,48.04805949,51.47512336,47.36510295,43.39637358,43.64537404,49.60453864,42.52273791,41.22386513,43.87506548,48.12377423,43.69291254,43.91466674,43.36305786,43.76759253,45.59022235,38.64199587,41.05869108,45.20561769,36.31067259,35.12464465,48.5729456,38.25779508,38.73875147,42.72048953,40.50256631,46.47267728,,
,,,-,,,,,,,,,16.10433479,17.9702569,19.76691351,17.84197936,14.35142633,21.46941204,16.14491943,20.37353059,19.71808587,22.34616186,21.3707008,21.5751972,22.92974692,22.54625165,21.93483788,21.04768747,20.62182945,24.05363622,20.25865209,18.2959471,20.24071878,21.27276002,20.13241184,20.19934829,20.38011389,19.62376685,19.49901797,17.58825584,17.37979186,19.65369717,14.70763925,14.92504959,22.48885438,15.76658508,16.24229406,18.72398026,16.76381279,20.90915662,,
,,,-,,,,,,,,,9.680624081,11.23255577,13.48503189,11.57393573,10.56633492,11.77459819,11.15242392,10.96830279,11.57511697,12.70055535,12.77673074,10.69140783,11.32059727,14.18941998,12.15981684,10.99179613,10.76524543,11.39137956,11.03079378,10.66630322,10.87470899,13.55361916,12.56307541,11.96762512,11.12500181,11.26995906,13.40712876,10.47622527,11.84190389,12.83441259,10.81815275,11.30229636,12.86773571,11.86035633,9.82323317,11.61380465,11.02876961,13.66865089,,
,,,-,,,,,,,,,9.286875741,10.54606711,11.64723719,12.07899353,11.9037506,12.18677782,11.57125774,10.7786529,11.82196722,12.63646772,12.42557896,13.3029474,13.7977153,14.73945174,13.27044823,11.35688998,12.25829916,14.15952286,11.23329205,12.26161481,12.75963771,13.29739505,10.9974253,11.74769333,11.85794216,12.87386661,12.68407562,10.57751476,11.83699533,12.71750793,10.78488058,8.897298709,13.2163555,10.63085366,12.67322424,12.38270461,12.70998391,11.89486978,,
,,,-,,,,,,,,,,,,,,,,,,,,,,,,,,,,,,,,,,,,,,,,,,,,,,,,
,,,-,,,,,,,,,,,,,,,,,,,,,,,,,,,,,,,,,,,,,,,,,,,,,,,,
,,,-,,,,,,,,,426,300,125,233,388,106,324,211,180,50,74,102,47,16,60,171,165,28,197,246,149,45,160,146,172,151,101,336,254,114,400,425,37,351,330,192,277,79,,
,,,-,,,,,,,,,38,30,14,26,35,12,31,25,22,6,8,11,5,1,7,20,19,2,24,27,16,4,18,15,21,17,10,33,28,13,36,37,3,34,32,23,29,9,,
,>Indikator Dimensi Keadilan Sosial,2012,,,,,,,,,,,,,,,,,,,,,,,,,,,,,,,,,,,,,,,,,,,,,,,,,
,,,Akses Listrik ,,Persentase rumah tangga yang menggunakan listrik sebagai  sumber penerangan utama - Listrik,%,0=[0x0EA34A][66.66][Rel. Tinggi (> 66.66)] 1=[0xFFFF00][33.33][Rel. Sedang (33.33 - 66.66)] 2=[0xFD0718][Rel. Rendah (< 33.33)],t=[33.33] l=[Batas Rel. Rendah] c=[0xFD0718],,nd=[h],,99.67259262,99.90426035,99.39282388,99.20273518,99.92041206,99.80403892,98.81423482,99.80591815,99.92914763,99.71614135,100,100,100,100,100,100,99.77386329,99.93376221,99.83896982,99.25945591,99.50450883,99.65597405,99.74919091,99.93529943,100,99.58482208,98.01540177,99.91717343,99.42995166,99.62995266,99.24839148,99.90897446,100,99.35816076,96.96745164,99.57610804,99.72433603,100,,
,,,Akses Berobat,,Persentase penduduk yang dapat menikmati akses berobat selama 6 bulan terakhir - Rawat,%,0=[0x0EA34A][66.66][Rel. Tinggi (> 66.66)] 1=[0xFFFF00][33.33][Rel. Sedang (33.33 - 66.66)] 2=[0xFD0718][Rel. Rendah (< 33.33)],t=[33.33] l=[Batas Rel. Rendah] c=[0xFD0718],,nd=[h],,20.09964361,43.64802143,41.70626796,46.65517976,47.46870275,55.88931807,36.27070711,38.89186369,43.52434409,40.2541296,46.54019259,16.99555893,28.55433375,27.4320228,54.12202895,57.09314743,31.93088034,34.98864712,51.83724597,38.51929103,50.58121052,58.66483517,46.18104144,51.9618335,45.36808084,41.05805947,54.12822191,33.03023626,39.53244193,49.7698813,51.12688583,50.14595787,51.99053967,48.81706821,15.92536787,45.47673099,40.24392628,42.02653891,,
,,,Rekreasi,,"Persentase rumah tangga yang melakukan rekreasi (berlibur, olahraga/kesenian) - Rekreasi",%,0=[0x0EA34A][66.66][Rel. Tinggi (> 66.66)] 1=[0xFFFF00][33.33][Rel. Sedang (33.33 - 66.66)] 2=[0xFD0718][Rel. Rendah (< 33.33)],t=[33.33] l=[Batas Rel. Rendah] c=[0xFD0718],,nd=[h],,0.284082771,4.297918716,3.968781239,2.008494301,2.141537127,3.952323088,2.356377585,2.803964023,4.513025295,2.747576395,6.019729254,10.40351863,6.658836071,8.172760386,6.133990344,8.835314404,5.489011449,8.235844782,5.519317098,2.558349517,2.577668791,4.228747344,5.397978071,7.304964466,3.149907624,0.894486168,2.410504286,0.737269005,2.537911003,2.801145045,4.461482295,2.144805567,7.880526564,1.631429457,1.958132253,2.965947937,1.99866655,2.86331898,,
,,,Lama Sekolah Usia > 15 tahun,,Rata-rata lama sekolah penduduk Usia > 15 Tahun? mys,%,0=[0x0EA34A][66.66][Rel. Tinggi (> 66.66)] 1=[0xFFFF00][33.33][Rel. Sedang (33.33 - 66.66)] 2=[0xFD0718][Rel. Rendah (< 33.33)],t=[33.33] l=[Batas Rel. Rendah] c=[0xFD0718],,nd=[h],,45.48680363,58.69035952,59.98517866,54.08216983,47.30045304,73.73256202,54.6785103,65.55450832,62.72236356,69.88688956,80.63506616,84.66732174,86.60075007,90.17746455,83.51424669,74.3667604,71.04874957,83.4727016,61.66137889,51.54640854,60.35170289,63.85593475,57.16887193,64.69820736,61.76642687,56.62030269,56.17231157,50.54745501,54.99720956,58.05186632,47.05711634,32.30593037,81.92514338,49.66447545,45.22032032,59.17328372,52.38965179,64.79183764,,
,,,Pemanfaatan Jaminan Sosial,,"Persentase rumah tangga yang menerima jaminan sosial (Jamkesmas, Kartu sehat, Surat Miskin (SKTM), lainnya) - jamsos",%,0=[0x0EA34A][66.66][Rel. Tinggi (> 66.66)] 1=[0xFFFF00][33.33][Rel. Sedang (33.33 - 66.66)] 2=[0xFD0718][Rel. Rendah (< 33.33)],t=[33.33] l=[Batas Rel. Rendah] c=[0xFD0718],,nd=[h],,3.338934682,19.84437434,8.421260157,11.72969309,14.95647484,9.778745952,9.709248996,14.86872636,12.56246704,9.076815831,32.08675033,29.98268674,32.03401477,10.79301189,25.41270132,28.23531712,18.46069905,14.13775613,16.57701606,6.846908923,18.84818363,17.63632683,8.333123151,19.60680305,20.42387503,10.80815853,13.71995694,9.495042938,15.93037818,14.52429365,12.66661287,7.377493725,8.290130252,14.80006074,17.1862622,13.07539637,15.99879432,17.26950082,,
,,,Harapan hidup > 40 Tahun,,Persentase penduduk yang usianya mencapai 40 tahun - e40 (adjusted),%,0=[0x0EA34A][66.66][Rel. Tinggi (> 66.66)] 1=[0xFFFF00][33.33][Rel. Sedang (33.33 - 66.66)] 2=[0xFD0718][Rel. Rendah (< 33.33)],t=[33.33] l=[Batas Rel. Rendah] c=[0xFD0718],,nd=[h],,21.08027798,49.57154694,65.92624965,45.2169444,21.46744751,66.53005439,18.15008794,61.41457286,59.91721552,58.95462866,72.52165532,63.83615631,66.53005439,64.02194238,69.13105945,39.80479554,63.23279248,66.76228699,51.73522721,46.33669934,55.47862056,67.41253825,56.33425332,62.698022,55.69252875,61.73543514,67.73766388,26.95234921,26.43612317,61.73543514,7.454890176,21.14480623,64.53285409,20.30593891,30.17876197,69.54907812,49.69596416,68.85238033,,
,,,Akses Air Bersih,,Persentase rumah tangga yang menggunakan air bersih sebagai sumber air minum - air,%,0=[0x0EA34A][66.66][Rel. Tinggi (> 66.66)] 1=[0xFFFF00][33.33][Rel. Sedang (33.33 - 66.66)] 2=[0xFD0718][Rel. Rendah (< 33.33)],t=[33.33] l=[Batas Rel. Rendah] c=[0xFD0718],,nd=[h],,70.0709836,68.86659348,65.34543433,72.4426612,53.29244315,95.05085405,64.65170935,66.507831,61.18065997,94.66753827,60.71832864,59.90486793,88.60613919,82.41788851,84.01133019,84.13874996,86.07694173,99.91877896,76.69404141,63.81341153,76.45511486,92.11391272,72.7332643,70.42888683,67.19559255,71.86995526,59.50849171,75.92059399,49.96987481,75.60314121,46.37288827,64.78183802,87.30698625,45.2572575,48.18682214,44.05846596,69.74876876,61.50746727,,
,,,Akses pada Sanitasi,,Persentase rumah tangga yang menggunakan jamban sendiri/bersama - jamban,%,0=[0x0EA34A][66.66][Rel. Tinggi (> 66.66)] 1=[0xFFFF00][33.33][Rel. Sedang (33.33 - 66.66)] 2=[0xFD0718][Rel. Rendah (< 33.33)],t=[33.33] l=[Batas Rel. Rendah] c=[0xFD0718],,nd=[h],,91.41424887,67.71832173,87.59265951,69.41824121,31.05163485,95.35118712,50.76773477,77.48971421,84.69074856,94.08215787,95.62266233,94.94379119,95.39251268,97.4426255,93.48468716,74.27412987,84.57371117,95.00040313,83.28750351,75.15403165,86.48216833,86.74797058,88.37660187,78.16892693,87.11244314,86.50430816,91.87080125,76.58062633,60.71022738,90.73027544,45.36874416,67.86398753,83.34268345,33.90130143,66.51973882,80.03815452,64.13214818,91.60073455,,
,,,Pengeluaran perkapita > GK,,Persentase penduduk tidak miskin - p0 (adjusted),%,0=[0x0EA34A][66.66][Rel. Tinggi (> 66.66)] 1=[0xFFFF00][33.33][Rel. Sedang (33.33 - 66.66)] 2=[0xFD0718][Rel. Rendah (< 33.33)],t=[33.33] l=[Batas Rel. Rendah] c=[0xFD0718],,nd=[h],,50.36565524,79.96637491,78.4095037,66.5232357,68.22530733,71.16964925,76.26981412,75.42281165,72.44015296,91.01774047,86.43989379,83.64881898,89.21080187,89.53548615,86.97229534,84.12072035,63.03640886,87.43411335,66.4425688,75.07796065,72.46233635,76.89498261,77.80853528,78.47605389,73.43840587,67.85625625,65.25878201,60.60026842,76.73768216,76.36459773,55.34280309,43.78928606,87.05296224,71.17569927,55.87722132,71.44795006,64.14961211,81.1057949,,
,,,Tingkat Pemerataan Pendapatan,,Pemerataan Pendapatan - gini (adjusted),%,0=[0x0EA34A][66.66][Rel. Tinggi (> 66.66)] 1=[0xFFFF00][33.33][Rel. Sedang (33.33 - 66.66)] 2=[0xFD0718][Rel. Rendah (< 33.33)],t=[33.33] l=[Batas Rel. Rendah] c=[0xFD0718],,nd=[h],,35.45929993,30.92163799,29.43295501,40.53514464,36.80041666,29.43512511,32.27794536,19.73264469,31.7918448,29.96028732,26.16913695,14.38336842,27.24767258,21.85716456,21.25604913,19.08161715,27.74245351,19.23135349,35.9953126,40.7304529,36.737484,33.53225841,29.06403941,40.26171307,32.67724225,35.4658102,26.35142467,39.42188755,39.94921985,36.6029383,38.58206202,43.27597057,32.98973547,43.640546,40.80206593,25.90438576,39.1701569,31.09741542,,
,,2011,,,,,,,,,,,,,,,,,,,,,,,,,,,,,,,,,,,,,,,,,,,,,,,,,
,,,-,,,,,,,,,98.99320288,99.60520107,99.64014847,99.51097977,97.88268529,99.88677986,99.13890559,99.49806831,99.1345761,100,99.53838853,100,100,100,99.75408363,99.6273255,99.24702929,99.88591779,99.86519531,99.4093505,99.51803848,99.71070646,99.61760752,99.77364644,99.64880057,99.73610617,97.95258786,99.55540937,98.41122419,99.63172746,98.40599103,98.77036302,99.9023058,99.25055888,95.12439023,98.94727017,99.8155595,100,,
,,,-,,,,,,,,,22.37585857,44.07371607,43.903029,43.47923359,38.73433889,60.31068122,37.89591709,42.37450707,41.66035242,40.00800004,42.16482975,41.21283092,45.66178964,43.90967032,44.83788379,55.63293407,55.29733669,43.87011138,51.70168005,39.913183,44.50596959,58.95739244,47.46913967,44.75292805,46.72949649,45.43349555,50.70912166,40.48845553,47.40173482,46.68563296,49.65592817,47.21011615,52.56236339,46.18335131,13.4000604,45.16627058,33.87935675,39.73276978,,
,,,-,,,,,,,,,0.244018378,3.013695738,3.724474021,5.118367162,2.332940311,7.329391481,2.734067771,6.049164706,5.912478518,2.443015744,6.392656913,2.954183867,5.92987808,11.56599885,11.90701638,13.53595652,3.831338959,7.783226336,6.053466311,3.343093573,3.313710121,2.318039113,4.346595445,7.01427715,4.283531556,3.350211515,3.176409536,1.855040847,1.769866667,2.06518164,4.434111816,1.080687856,8.181808842,1.934064752,0.45332167,2.178621053,2.940501029,4.101793624,,
,,,-,,,,,,,,,41.30988476,54.86920769,57.0874502,52.37605953,44.58122919,72.18046644,48.28859553,63.44847333,62.17912009,66.13274287,80.05326991,82.45458436,84.39830482,81.23767591,81.89956907,73.0940702,64.63085835,82.78095152,60.18041653,51.15460558,57.73197589,61.44048681,56.37316797,63.36539228,59.98547644,56.05532546,55.69085598,50.16271274,52.20341531,57.76250283,45.91496248,31.72259703,80.87346146,45.93978047,39.9979755,56.08761636,51.79890294,61.53089645,,
,,,-,,,,,,,,,5.154928283,20.48879263,11.68222744,12.45089834,14.45094408,12.08047109,13.57640994,14.40108519,14.9639224,10.2745993,29.20934328,23.86314607,30.82073436,13.62576623,25.0524903,26.23279915,13.0236497,9.667371443,17.57752912,7.996316424,14.81265523,15.19351187,8.984438722,16.69272364,22.12778538,13.1173863,12.66299362,16.8849042,17.85615228,13.0118138,11.95803782,8.963987607,9.533796871,15.90396751,11.9425858,12.84464212,14.84084297,14.94732064,,
,,,-,,,,,,,,,21.08027798,49.57154694,65.92624965,45.2169444,21.46744751,66.53005439,18.15008794,61.41457286,59.91721552,58.95462866,72.52165532,63.83615631,66.53005439,64.02194238,69.13105945,39.80479554,63.23279248,66.76228699,51.73522721,46.33669934,55.47862056,67.41253825,56.33425332,62.698022,55.69252875,61.73543514,67.73766388,26.95234921,26.43612317,61.73543514,7.454890176,21.14480623,64.53285409,20.30593891,30.17876197,69.54907812,49.69596416,68.85238033,,
,,,-,,,,,,,,,63.52381756,63.83367436,60.91435101,69.7776503,44.9223009,87.57914308,56.98149626,70.99142786,56.55721249,89.81791284,60.43594032,61.48054206,85.05328483,78.8437347,78.55826666,87.92419317,81.91085466,99.79727921,73.54666184,63.24767664,77.17347236,83.90880939,72.46839313,68.73274356,72.19695646,76.03967795,57.23488322,69.5244557,58.51238814,77.56669584,48.86582152,63.099466,95.47118312,52.00586811,63.97573868,38.06515595,73.08490776,61.86753342,,
,,,-,,,,,,,,,87.6589343,62.90396796,86.24445861,60.86236717,34.01385474,93.25105121,43.43260131,75.14100787,79.9913615,91.47336846,95.57157497,94.48407639,94.19136248,96.2479829,90.52677055,72.900309,73.26248788,97.26561265,84.80305822,73.19865807,84.54956026,86.51871385,87.62775446,76.53199325,86.88822804,84.6939961,96.08416413,73.75296387,61.05527049,89.31043245,40.37867581,61.00040142,87.9160304,31.63510082,58.97075876,79.466025,63.09525505,90.39379996,,
,,,-,,,,,,,,,47.10256814,78.88371923,77.22847281,64.76328616,66.40495247,69.08635895,74.9171569,74.0147767,70.87122158,90.42891538,85.63877321,82.59738759,88.58476735,88.90401151,86.10449177,83.0738803,64.20884976,86.72047999,64.88990012,73.74736063,71.01329496,75.77337562,76.46447159,77.05155233,72.00920318,66.23810484,63.43212133,57.75472589,75.27227602,75.20684091,52.6342871,39.06276001,85.93662002,69.5171567,53.39741937,69.94856999,62.11502143,80.02440878,,
,,,-,,,,,,,,,35.45929993,30.92163799,29.43295501,40.53514464,36.80041666,29.43512511,32.27794536,19.73264469,31.7918448,29.96028732,26.16913695,14.38336842,27.24767258,21.85716456,21.25604913,19.08161715,27.74245351,19.23135349,35.9953126,40.7304529,36.737484,33.53225841,29.06403941,40.26171307,32.67724225,35.4658102,26.35142467,39.42188755,39.94921985,36.6029383,38.58206202,43.27597057,32.98973547,43.640546,40.80206593,25.90438576,39.1701569,31.09741542,,
,,2010,,,,,,,,,,,,,,,,,,,,,,,,,,,,,,,,,,,,,,,,,,,,,,,,,
,,,-,,,,,,,,,95.11838078,99.79820388,99.49727096,99.0157187,96.50912849,98.89127537,99.18829001,99.64912826,99.57611915,99.82553267,99.84101749,99.68203498,100,99.72183588,99.67845659,99.8349835,99.22959371,99.375,99.76594716,98.59148115,99.32679846,99.86184938,99.5154503,100,99.37495041,99.85057992,96.31144781,99.85115146,99.05917621,98.77700425,98.79678768,98.26229797,99.32421095,98.47300581,92.96610292,99.85987805,99.49821384,99.49312687,,
,,,-,,,,,,,,,38.28386523,51.75746274,49.8874386,42.0502186,41.66036976,54.51975491,32.70726778,40.36569474,42.9812912,43.69603931,40.65758907,39.450432,41.97428441,33.47876612,42.65536551,48.93489543,57.38622893,44.69560805,50.26750319,34.22626742,53.32191819,48.62661286,52.73729763,49.22767518,48.97829139,43.08108416,55.7159597,37.69233345,38.94804151,54.1369811,46.52518836,41.70518646,50.45037219,44.96790263,17.16706729,55.95895535,35.83163465,43.04043909,,
,,,-,,,,,,,,,0.691782984,4.283270844,6.639479726,4.459497515,3.314723254,8.877831002,3.033230304,6.376535576,8.359933428,12.05465549,9.06200318,6.041335453,8.293460925,11.68289291,16.55948553,12.54125413,6.903265406,5.892857143,6.980665623,2.291028017,6.719456543,4.220774732,7.713955713,14.80402035,5.362954149,2.585763287,1.636937369,3.185441263,3.635313799,3.681514164,6.678811055,2.798482331,13.82957987,3.302221989,1.385089488,4.303673599,5.240921495,4.752463486,,
,,,-,,,,,,,,,39.01257868,55.20103628,58.12331565,53.56101615,43.76441069,68.77993917,50.20190913,63.20041802,59.96374078,69.38643667,79.29511861,78.39310253,86.30938798,80.39070077,82.30963306,72.16847494,69.69405102,82.15388244,58.15677393,52.02470348,59.78030525,61.46227859,54.77959639,63.5191375,58.1590996,50.92667054,55.62018837,48.72487267,50.76872412,53.74062731,45.65729202,29.93911518,78.25451958,43.46532845,44.56654429,58.53783763,51.35848263,63.80778933,,
,,,-,,,,,,,,,9.869809347,24.30650481,11.80142449,16.78634765,19.88839281,18.01360993,12.80018781,13.80611786,10.99026865,16.42399676,29.09379968,31.9554849,22.96650718,15.85535466,27.81350482,27.39273927,21.30612756,17.5,15.15824745,10.04134167,19.37681125,19.09781391,10.35373611,16.65000038,22.68792876,14.70497344,15.89399741,11.23471889,19.31522632,12.96748509,11.36092684,10.83893109,8.713249768,19.77719561,9.742694568,8.68752667,11.64623366,17.24493042,,
,,,-,,,,,,,,,19.34224906,44.92295535,64.09813778,43.8546248,17.75232596,64.44926496,15.99182895,60.65337589,57.60488149,56.18436517,70.11462498,61.67765178,64.80761187,60.51577112,67.32129145,39.61261903,59.779537,64.34633349,50.11197849,43.00557651,53.86343987,65.35771147,53.71982976,60.54950581,53.55571636,58.46223295,65.91162176,22.08544543,22.82892888,58.67536961,3.95529556,13.89806468,62.39597882,18.40416763,28.19169063,67.39082308,47.29892479,66.79064456,,
,,,-,,,,,,,,,63.10194308,48.07968411,71.76607877,65.19077549,50.3593917,85.03500399,63.83194093,72.5254523,61.07962851,87.412416,53.17165905,59.24495924,83.96665063,77.76894717,76.56475952,77.77079295,63.18382421,98.56386999,73.40083256,63.29283503,65.59280132,78.23484559,72.86763145,64.06513612,65.8650619,76.64105873,67.42497857,82.43181839,51.78943696,77.6053085,53.88807235,58.49006724,66.70092736,53.66777726,67.03968781,49.02771823,66.43767625,59.01868055,,
,,,-,,,,,,,,,82.47279277,58.2715143,87.61326391,60.13295466,27.28766548,93.92343742,49.57322252,73.23468834,82.89883899,93.65579506,95.73968432,93.01308229,95.38418238,96.57112729,88.62619003,70.1072068,74.02845127,98.94724556,81.03269543,69.54786895,85.66731951,86.61780354,89.65887379,70.90224176,87.44213944,72.91153737,95.43798262,72.43981341,61.08770812,91.47583565,44.60539474,62.23618768,82.23324491,36.49511433,72.01109539,79.2300594,61.32037375,90.9947454,,
,,,-,,,,,,,,,43.28217885,77.30235048,75.52290507,62.11197168,63.90831982,66.87099503,73.2302535,72.08445352,68.69621637,89.75300256,84.61598902,81.22979553,87.68520025,88.09317435,85.05844247,81.85298722,61.60667515,85.74373195,62.28622415,71.7950256,68.83615113,73.89036067,74.7114628,75.33711675,69.91718329,63.17200874,60.668521,54.66862136,73.42257008,73.33554166,49.12452007,34.5119151,84.97165579,67.26010499,50.35771679,67.7323993,59.28018079,78.54517115,,
,,,-,,,,,,,,,37.24311538,47.16477507,41.21004318,39.858076,55.48056683,47.48377856,46.06019835,44.2221306,42.69221588,32.30832664,29.44163538,39.73221067,29.84093227,24.11406002,32.29096591,40.48089234,47.87873527,21.30813133,49.44771164,48.14999674,46.6027213,40.74347345,35.42240837,45.41785118,47.6855971,52.25364033,36.87853996,43.80764306,44.00078123,46.56148955,46.34014019,48.26067143,42.21696578,44.4586706,40.60458757,36.65936069,46.19908422,41.01690502,,
,,2009,,,,,,,,,,,,,,,,,,,,,,,,,,,,,,,,,,,,,,,,,,,,,,,,,
,,,-,,,,,,,,,95.28521983,98.94786372,99.60746279,99.11080947,96.44337827,99.17116096,98.39255396,99.14468975,98.74880187,99.66158371,99.68612148,99.68634539,99.53259731,99.86060417,99.68726087,99.84197368,99.59759585,99.91059722,99.19548702,98.29270891,99.4465568,99.02359642,97.74948336,99.79803024,99.29646893,99.12966857,98.03401644,99.11489273,99.63078495,99.06549172,95.84484273,98.76244161,100,97.11508756,93.14102885,98.95664247,98.00863947,98.64606729,,
,,,-,,,,,,,,,42.97366725,40.23616648,43.40925251,39.72958947,40.071585,40.77911335,35.92882054,36.83909403,34.55896446,34.39788994,39.38221276,35.24287432,38.05116775,37.55841094,37.49866067,51.34446665,47.2199469,48.1093841,56.92264332,40.41419913,50.57429823,48.58498347,44.57275069,44.90500544,47.1391163,48.17899482,41.90327325,40.24464363,44.71807345,40.31974099,49.92993142,39.61268466,46.87768407,51.95561168,26.71747657,39.70334417,31.75007552,39.49442214,,
,,,-,,,,,,,,,2.475620597,5.523998254,4.711757112,6.879435887,5.424456555,7.798251785,4.943263018,6.606994739,4.465407674,6.629333441,10.1543943,7.810797161,4.998388267,10.84994773,10.62314935,13.61856691,8.21418175,10.26751077,8.862591973,2.902813397,4.071454236,5.779939869,4.312525519,13.92379497,5.743147731,2.200861119,2.940767958,4.169659036,6.059151812,2.56789411,7.013636318,2.558895577,12.35161078,4.593890831,0.685897115,2.510530134,1.596679569,6.503279435,,
,,,-,,,,,,,,,38.25361551,52.10199881,55.37388209,51.36719481,41.69349725,67.19188409,51.17310201,62.54684731,59.15063124,71.62650474,77.75088676,81.64656437,85.52801751,81.76976191,79.26960128,73.26021884,71.31789629,84.09471765,55.7914794,45.06137472,58.90173992,60.69835192,52.2488115,62.8559292,56.5052047,49.74102977,51.23077056,45.31872343,53.78008101,50.5091009,44.28592308,29.75388698,80.51381793,46.77823648,44.42498117,55.32538744,48.92207951,62.87915694,,
,,,-,,,,,,,,,7.589315933,19.53295193,11.1977955,6.316933731,20.4371029,15.1574957,11.33396035,14.93426809,9.877244332,9.421267852,20.14195227,15.62823955,17.80763962,14.89013408,23.90125428,13.74357281,12.65946335,17.94661173,18.91950222,11.95027662,20.17493524,12.4618412,10.54798657,15.25459206,16.28668982,13.07099229,16.36488756,11.32613896,8.41402656,7.886817102,10.59918377,8.071448736,4.870882313,14.05481481,8.085453849,9.24250886,11.72509763,12.24844609,,
,,,-,,,,,,,,,19.34224906,44.92295535,64.09813778,43.8546248,17.75232596,64.44926496,15.99182895,60.65337589,57.60488149,56.18436517,70.11462498,61.67765178,64.80761187,60.51577112,67.32129145,39.61261903,59.779537,64.34633349,50.11197849,43.00557651,53.86343987,65.35771147,53.71982976,60.54950581,53.55571636,58.46223295,65.91162176,22.08544543,22.82892888,58.67536961,3.95529556,13.89806468,62.39597882,18.40416763,28.19169063,67.39082308,47.29892479,66.79064456,,
,,,-,,,,,,,,,64.42120615,48.53504422,58.9927413,66.11553068,43.4670711,82.13691231,54.00832637,73.0429656,60.71959478,82.28494306,46.91833802,59.95109396,76.59532828,73.85037502,65.61401063,78.07935435,71.45888651,99.10210057,75.83804818,65.97225318,71.31290473,76.51716231,71.59797471,62.58740997,74.87883833,72.54358709,54.92965001,75.42581612,50.74533431,65.24065039,56.76370294,65.57148596,76.85457501,50.47023014,71.69994166,50.25044408,55.74617359,62.96572657,,
,,,-,,,,,,,,,78.80984528,63.62297018,83.49101082,63.08851479,29.49618161,92.50333677,52.39486292,79.92837482,90.95072546,93.69295462,94.15313235,96.48694331,96.65059674,95.90428249,88.28500359,70.11192105,80.58808197,96.55437715,79.41633069,70.48366073,83.31646498,90.0764513,91.06758005,70.96351262,86.54370953,82.90462569,95.33734897,73.02431096,67.08665779,86.64506692,44.93796819,61.65596785,87.85946621,40.05001055,65.22292462,78.27654066,58.03484682,91.82663442,,
,,,-,,,,,,,,,38.58160512,75.46929595,73.401137,57.09283233,59.2876396,61.38663443,68.87868676,70.83545238,65.60129838,90.29852483,84.74948486,78.99838807,88.03352148,88.75199982,85.50245051,81.16680038,57.52839569,86.45340177,58.71117908,68.06153336,65.77190323,71.82393206,72.63097437,73.29908103,65.26412128,61.65837441,61.64783576,50.94925806,68.56613247,70.48010484,44.15574783,35.56892878,86.0571663,67.75024535,45.76405198,63.15579591,53.59411614,78.60927367,,
,,,-,,,,,,,,,37.22358456,44.03333261,35.50921204,42.5815412,46.81105011,44.29374363,33.88598338,41.87409127,45.95169376,46.14483193,30.72415963,34.59560339,34.76704065,27.26503331,28.8535405,40.24218224,47.14958443,22.79681431,51.76970986,49.81879734,41.63104099,39.18317745,37.30604805,45.08365704,45.16829062,40.98652373,41.15579089,47.69210738,41.85239036,45.67826219,34.86903496,41.91315293,29.53277924,37.28217704,47.29064039,40.31813546,49.77973568,39.94704976,,
,>Indikator Dimensi Keadilan Ekonomi,2012,,,,,,,,,,,,,,,,,,,,,,,,,,,,,,,,,,,,,,,,,,,,,,,,,
,,,Kepemilikan Rumah Sendiri,,Persentase rumah tangga yang memiliki rumah sendiri - home,%,0=[0x0EA34A][66.66][Rel. Tinggi (> 66.66)] 1=[0xFFFF00][33.33][Rel. Sedang (33.33 - 66.66)] 2=[0xFD0718][Rel. Rendah (< 33.33)],t=[33.33] l=[Batas Rel. Rendah] c=[0xFD0718],,nd=[h],,73.36823251,87.88651276,87.37978843,95.23090335,90.59069751,73.2814082,88.93987183,77.20709443,82.56665748,73.84299511,63.12925446,64.11886708,59.09596953,57.13448188,52.05384707,66.44200946,79.77024543,41.28547043,83.69017258,90.06962847,85.40746453,89.42589704,88.50089467,86.86774067,84.44819358,88.68300779,97.03315809,87.92089533,88.19116698,89.64000359,81.54076075,75.72064045,62.42716699,82.87579917,90.48304845,93.32371099,93.29516582,86.66996774,,
,,,Bekerja Usia > 15 Tahun,,Persentase penduduk usia 15 tahun ke atas yang bekerja - kerja,%,0=[0x0EA34A][66.66][Rel. Tinggi (> 66.66)] 1=[0xFFFF00][33.33][Rel. Sedang (33.33 - 66.66)] 2=[0xFD0718][Rel. Rendah (< 33.33)],t=[33.33] l=[Batas Rel. Rendah] c=[0xFD0718],,nd=[h],,36.36198436,44.65379205,45.85403612,37.249267,38.98725843,22.52312376,27.08219174,27.94950104,37.20160088,38.62377883,28.29553295,27.17750079,20.82064642,22.70066303,35.09146249,33.52078117,31.93357652,29.24826095,33.28364357,32.23123215,37.43780231,41.54866521,38.42503757,38.68464713,32.85360638,30.63985188,59.7170261,53.81502986,35.16412798,44.92070397,50.25507941,53.12548006,30.11119159,37.44286972,54.25538876,52.29206232,31.05659223,42.82992924,,
,,,Rasio Pengeluaran thd GK,,Rasio rata-rata pengeluaran perkapita per bulan dengan garis kemiskinan (GK) - expGK,%,0=[0x0EA34A][66.66][Rel. Tinggi (> 66.66)] 1=[0xFFFF00][33.33][Rel. Sedang (33.33 - 66.66)] 2=[0xFD0718][Rel. Rendah (< 33.33)],t=[33.33] l=[Batas Rel. Rendah] c=[0xFD0718],,nd=[h],,12.33789792,29.14307626,39.52036722,25.49551251,21.51996281,45.28447682,21.76956573,26.29833214,30.15704958,38.4681781,47.57111886,42.73456401,41.26894559,73.80648933,43.45553385,47.44520391,10.02342616,63.27945205,25.62023982,23.33256773,33.48889159,36.90142596,34.33949842,34.13113552,28.22839546,27.6034518,27.36048383,12.13076904,24.2669286,28.73730096,14.9013694,13.52156116,48.32196666,27.24497142,15.0445225,25.99622889,23.0538194,32.27673194,,
,,,Rasio PAD terhadap APBD,,Rasio Pendapatan Asli Daerah (PAD) terhadap APBD - PAD,%,0=[0x0EA34A][66.66][Rel. Tinggi (> 66.66)] 1=[0xFFFF00][33.33][Rel. Sedang (33.33 - 66.66)] 2=[0xFD0718][Rel. Rendah (< 33.33)],t=[33.33] l=[Batas Rel. Rendah] c=[0xFD0718],,nd=[h],,5.66452528,7.788259037,5.812527563,8.649127396,5.65605938,22.31491564,10.31672814,10.06416908,5.666965915,6.606282693,10.78814179,12.97529007,7.588243925,13.84932779,10.05610148,7.236618776,10.46906236,51.00174755,7.682034854,7.863711856,5.82231254,6.054794393,7.375826035,9.580021631,8.440771323,4.433127866,5.000269085,5.681930116,10.44440507,6.37066413,5.762059767,5.473988149,29.88424141,5.955416505,5.341589485,6.598834656,9.664817541,8.316384584,,
,,,Akses kepada Sumberdaya Ekonomi,,Persentase rumah tangga yang menerima kredit dari bank - Bank,%,0=[0x0EA34A][66.66][Rel. Tinggi (> 66.66)] 1=[0xFFFF00][33.33][Rel. Sedang (33.33 - 66.66)] 2=[0xFD0718][Rel. Rendah (< 33.33)],t=[33.33] l=[Batas Rel. Rendah] c=[0xFD0718],,nd=[h],,0,2.176786636,2.045851526,0.609197994,1.130983133,1.010880316,1.27167878,4.280458527,5.042903339,3.015358434,1.899978506,3.025395338,6.456341445,1.038559104,1.728007828,1.005005162,2.690723403,1.358883477,2.079628601,1.039031017,3.065488775,9.205384643,0.952426649,3.48026815,4.81504365,4.22842781,6.232337808,0.011126091,1.474861088,7.371743931,2.141739347,0.314691324,0.969834737,3.364077996,0.356424012,4.600187019,1.694963242,2.514055052,,
,,,Rasio Biaya Pendidikan terhadap total pengeluaran,,Proporsi pengeluaran rumah tangga untuk biaya pendidikan terhadap total pengeluaran - shstudall,%,0=[0x0EA34A][66.66][Rel. Tinggi (> 66.66)] 1=[0xFFFF00][33.33][Rel. Sedang (33.33 - 66.66)] 2=[0xFD0718][Rel. Rendah (< 33.33)],t=[33.33] l=[Batas Rel. Rendah] c=[0xFD0718],,nd=[h],,27.13688875,26.3111083,25.85992953,22.02620441,13.44767219,34.48719354,25.58253209,26.95969327,32.16682829,22.6793405,24.91675958,24.7010397,22.07807861,28.5910492,36.36280414,24.94710332,25.81145966,25.79147576,28.49684207,18.93993808,28.3827118,31.80046525,27.42898322,25.6805108,27.56203864,20.47894759,26.97524763,21.7823683,27.96274388,40.34665316,23.19938031,25.5441109,36.23163114,24.68632664,9.591173208,18.74637691,23.10616085,27.44607589,,
,,,Rasio Biaya Kesehatan terhadap total pengeluaran,,Proporsi pengeluaran rumah tangga untuk biaya kesehatan terhadap total pengeluaran - shheall ,%,0=[0x0EA34A][66.66][Rel. Tinggi (> 66.66)] 1=[0xFFFF00][33.33][Rel. Sedang (33.33 - 66.66)] 2=[0xFD0718][Rel. Rendah (< 33.33)],t=[33.33] l=[Batas Rel. Rendah] c=[0xFD0718],,nd=[h],,16.37281519,25.13099664,34.0341355,28.25922445,25.41425172,25.86718386,22.385706,37.05037424,40.26556653,20.95587616,29.94994788,19.12039447,31.87255427,27.64014346,43.22820739,33.54884527,22.47945233,22.75247382,43.57146949,21.89979603,45.7781038,45.29410327,34.31167984,27.74939129,24.89017313,34.31356833,29.203477,19.97516385,17.00998445,26.08495699,36.77519836,28.13924093,23.97325646,30.14843765,18.04003259,30.47504545,26.40477542,29.69121185,,
,,2011,,,,,,,,,,,,,,,,,,,,,,,,,,,,,,,,,,,,,,,,,,,,,,,,,
,,,-,,,,,,,,,77.35419685,81.27401957,88.94950044,93.19904379,85.16239475,77.09529813,81.20265069,79.55601235,83.08816832,67.42635889,70.02683819,48.82696885,40.82028557,59.10582144,47.6969496,68.55403095,72.25695104,27.39688679,86.73034405,90.26248284,86.01161518,83.23406835,89.1501246,83.97133603,83.19971327,87.26038968,94.99024126,83.55251368,86.93828048,88.23808669,85.04448584,70.19830121,63.51118717,85.15322825,86.28681164,95.44760667,92.84168397,83.49760298,,
,,,-,,,,,,,,,25.1683142,38.77839121,41.24889911,42.33167128,43.59808103,33.82367519,32.79261877,35.28031802,32.59306474,45.92472453,35.31985429,22.68271786,25.10376466,24.76665576,36.25033592,27.27869863,27.92672948,26.53218755,39.25633258,32.60028983,38.14027907,51.57834103,40.54755393,40.53395908,33.18719013,34.43593228,69.11425813,47.18811441,39.07535286,44.87924204,42.59515793,39.86986361,34.45279732,39.54738965,43.97317696,52.1900561,37.73201859,46.41967466,,
,,,-,,,,,,,,,11.79532925,29.17847008,33.44867219,19.10844963,14.72620369,29.02919696,20.07329815,33.49146097,26.4842862,34.45535907,46.6209183,37.19003487,55.25404587,52.72591116,57.31528839,60.49804858,10.32719948,66.95195863,28.08568154,26.34299737,30.69744518,31.85672532,33.91051482,32.74509929,20.43421433,27.02976388,31.20766632,11.23031708,19.50705172,23.91536684,8.689639848,12.397096,49.29052716,25.72724708,11.51360984,25.55158064,23.9364822,26.43188545,,
,,,-,,,,,,,,,4.089486832,7.358750012,5.76539212,6.806117878,6.868752386,19.44313304,10.15541902,10.22514512,5.219375538,6.953325452,11.12971817,13.097162,8.20460504,15.87766753,8.242230921,7.106307959,10.2525344,53.78311502,8.632591077,7.345188281,5.596729715,6.850737567,7.559631324,8.742750645,8.521634402,3.409245994,4.716042844,5.007113732,9.640815491,4.812735626,4.552749689,5.649161701,23.48665985,6.135229993,4.37288674,6.862315572,9.113741861,8.270096806,,
,,,-,,,,,,,,,0,2.182342782,2.240899221,1.83447729,0.764496086,1.954553231,2.813317377,4.369970458,6.304012194,3.899709263,4.984609948,2.302243959,3.19198936,1.778852496,1.937676938,2.8625104,3.153886241,0.713441354,2.655297301,2.98663952,2.873674851,9.449850428,1.885837508,3.47728748,4.647495753,4.045300511,6.122116221,0.283000554,0.761182921,4.384584673,2.694759026,0,1.116721443,4.299391399,0.51716348,1.772733719,3.486206508,2.478622183,,
,,,-,,,,,,,,,33.38954169,30.61180335,27.14139327,27.30324392,16.71902001,36.5758266,28.91435147,29.71459633,32.14005963,22.74522779,34.44139773,31.90523347,27.4762482,33.37281897,38.74725092,24.22436106,34.19526362,27.36303105,34.11248897,24.05766929,27.1111713,33.79069344,31.73386353,29.4548984,31.62887797,22.54408805,29.02523191,21.55031481,33.50723313,35.48871126,30.98426355,31.49434151,36.31220073,24.91738736,11.27008049,23.56933563,24.7030374,27.22913792,,
,,,-,,,,,,,,,22.68463261,32.64396609,31.10850474,31.59413221,29.17590767,28.6145728,27.98172626,41.47831805,35.7884872,23.81150652,35.03182628,23.25305866,27.45610839,26.72444085,35.71340482,37.74290813,33.58266076,20.64406303,36.85957254,25.78840235,35.23735928,38.0680723,37.39371201,34.09407073,36.86916607,28.43108034,34.32812009,28.38493518,27.67108337,30.59064064,33.66869548,41.5190023,30.5856444,36.95308328,26.96648198,31.33256911,27.85152609,28.90421273,,
,,2010,,,,,,,,,,,,,,,,,,,,,,,,,,,,,,,,,,,,,,,,,,,,,,,,,
,,,-,,,,,,,,,83.66315058,80.64044882,86.30431018,90.20370001,93.99796899,72.05303424,83.5559982,83.25868534,85.73956338,78.08323848,60.94404263,43.21469357,41.74472673,52.79535348,49.07160002,63.19550969,65.08675336,33.76477616,86.26916636,88.91319509,80.78964337,86.75375752,88.83089269,86.42494174,85.08303235,85.38781205,87.36195755,87.42891759,85.99642267,85.48902799,85.50739187,79.00664586,59.8907556,90.77845786,87.73857607,92.80708401,91.79500705,86.54856483,,
,,,-,,,,,,,,,36.66521348,39.60362119,41.21175555,37.88162688,44.2518416,39.92209517,37.40766049,34.096719,38.24381313,34.54714571,32.75898358,28.29707487,26.39596677,27.80614181,30.83075202,24.37696181,25.04453311,28.59241759,35.80066803,34.06344853,38.8399311,50.6458072,38.21712672,39.81237122,36.08668501,41.21444142,64.32352443,51.6408403,44.33405607,42.72182782,45.65366852,46.62284319,36.33515738,43.66327004,48.17109078,48.51610586,40.57036149,40.54634387,,
,,,-,,,,,,,,,16.80373899,21.81573724,25.98612445,19.24123323,13.51784638,18.75982527,20.75602815,20.89988359,22.20861315,41.54921999,46.09487086,33.85586557,50.77763794,61.19090434,42.07694687,29.75066373,15.66231147,58.05085461,17.14951509,18.69767029,20.20478796,24.81156678,30.78410693,23.93914674,20.96534772,14.27700452,23.71034019,16.54814544,23.59205753,21.22018878,12.9853058,9.658700417,32.90713903,21.12554144,16.11082947,23.37657249,17.30230568,28.70797923,,
,,,-,,,,,,,,,4.343048977,7.325623892,5.684178367,6.376200871,5.88649372,15.18363571,9.627404507,10.53700053,6.050186253,4.139154627,10.89727853,12.7802423,7.990556535,11.31307771,7.929781537,8.949591544,8.662739158,29.71415019,8.77602358,8.718640609,5.230737516,6.31405088,7.657730411,7.432784447,8.019099452,2.912611725,4.054147398,6.044866995,8.66309065,5.083814704,4.910112547,4.335302269,21.113901,6.661788461,4.715408594,6.560795555,10.6496779,8.347054117,,
,,,-,,,,,,,,,0.485436746,3.132609079,3.332603344,1.876184301,1.0743508,2.230738625,2.945192542,6.842594869,5.536715799,5.312897083,4.027037774,2.912923785,3.401570271,2.255921933,4.234558777,3.192896796,1.620395816,0.514594474,3.391005471,1.49112121,5.654805224,7.337776864,2.935993601,6.009066404,5.937039758,5.115800722,5.05961325,0.551062114,1.195790932,4.484658256,3.301882833,0.037323465,3.006101742,2.138509123,0.558455698,3.562806822,1.508186048,5.392260716,,
,,,-,,,,,,,,,19.16690913,21.51961143,24.95745298,28.53263079,17.25467315,28.91021375,23.63239374,21.07276306,27.57117635,22.67102163,34.20317583,36.21103983,28.46340112,43.54448489,38.03944276,24.21475852,27.90312715,28.77345583,25.29889996,21.2727956,22.88328301,30.85221242,27.79384994,22.16925726,22.78500029,16.80687459,18.41608716,11.73743375,22.7794222,34.42064138,22.70580071,22.60292654,29.60979171,19.15281461,7.740697681,15.14941951,18.9906762,27.12731189,,
,,,-,,,,,,,,,34.29594076,43.14110651,54.03825854,45.85988869,30.44612682,37.19776031,36.33226126,55.0866009,48.03184942,48.72113581,52.03758119,56.05047243,47.66739367,37.93116803,59.23383422,43.75900176,46.10379696,28.50386641,39.52678753,39.77324926,36.97681244,55.89197474,42.82609445,38.16251547,41.36784062,44.74730203,32.34418682,27.89710121,24.58443749,40.19181787,35.75883134,39.05314536,41.15306437,29.22363942,22.54585391,44.87058382,39.99161468,59.83912309,,
,,2009,,,,,,,,,,,,,,,,,,,,,,,,,,,,,,,,,,,,,,,,,,,,,,,,,
,,,-,,,,,,,,,82.18763282,79.90598476,93.04523758,92.46959533,91.81527393,75.08352149,84.91348264,76.78147793,85.40780527,77.44167298,66.13042268,49.98170223,39.13700188,59.37719017,54.29996387,66.71772818,72.96697874,31.60142731,87.57489655,93.0866359,84.44032422,87.05654455,90.63930437,85.89852853,78.51037809,90.21963623,92.90540108,86.60810945,89.76019391,85.68535678,83.87070872,88.72696099,70.74597113,90.1335118,88.92101396,93.58980631,91.98043048,85.21065674,,
,,,-,,,,,,,,,33.27826657,40.88315855,43.76346393,39.02697245,45.60567643,29.36135483,37.6610319,35.32548987,38.36766901,34.22440058,32.02536165,25.37311064,21.98558361,27.37353817,26.94655021,24.93934789,24.11300862,26.13421305,35.56741991,34.37548684,36.3627345,47.52373254,35.88885,40.0717601,40.38650256,42.2147684,67.73177304,49.86670861,36.14644867,49.63111297,45.16909301,52.92198977,30.20221104,46.99804813,40.94976707,50.77404231,40.94829966,45.85921474,,
,,,-,,,,,,,,,21.35771596,28.97692089,35.76884266,20.110098,17.33993404,24.50753548,29.3685441,25.12502043,23.67042628,49.45381585,54.97466317,42.4205183,66.98520489,78.96340286,60.51466944,42.28547454,18.19159109,58.49601394,8.873452757,20.52394675,18.17254301,31.3942079,34.2594042,26.57075483,22.50379002,22.0269068,22.91536493,14.93607371,27.00614512,24.94897042,18.11484154,17.57958056,50.51375943,29.17912721,14.78000468,23.059236,17.08634502,32.07038184,,
,,,-,,,,,,,,,4.611205705,7.427068616,5.954411241,7.389570925,5.730299399,17.18781499,9.914189297,10.05365968,7.515748216,4.535065564,10.00827005,13.05004203,10.36078678,11.40606295,7.665897556,9.507547011,8.317919185,30.13415871,7.364089341,8.318611677,4.07881904,6.588253553,10.58557902,7.392376371,7.835789693,3.019948342,4.462307736,5.696715312,8.700702179,5.712777252,5.298234842,5.272205454,20.04938245,5.371041922,5.255579589,5.477003626,12.12260395,8.01285546,,
,,,-,,,,,,,,,0,3.450570913,3.740235394,3.0102825,1.206712419,1.343669678,4.33507581,4.564065373,5.32218477,7.392745611,5.34965996,6.299352763,3.017119858,3.376290398,8.335576393,1.520504657,4.67168694,1.140076851,2.56572258,0.568842238,7.318217575,11.15196933,2.566648184,8.083277323,5.762526833,5.009632479,6.569546626,0.376464206,2.296242734,5.73285642,4.135237459,0.878041124,1.762181345,2.612557471,1.541152817,2.153500095,4.212053042,5.899286168,,
,,,-,,,,,,,,,18.44555065,25.4073001,27.09056974,26.36566262,16.5991094,44.55246179,17.03600275,24.53320071,27.21044067,33.61346521,32.55804474,35.2917255,35.21554321,50.25712041,33.35219075,28.69501926,33.18240451,40.91533251,31.24948291,23.1877844,22.5698428,29.99740828,32.719063,29.29726673,19.3921389,20.60015328,24.8756952,13.88045371,27.05754894,36.9137762,22.3877382,27.68370123,40.82634411,17.28027087,14.59456604,18.73811119,14.98552277,40.93509753,,
,,,-,,,,,,,,,31.83825982,38.46763729,64.51765515,45.23925393,32.45754091,45.67877224,39.93284317,46.18212257,47.08734458,45.01912063,54.22792652,42.17844558,45.94508815,44.61109476,51.23189497,44.64963751,62.15270649,36.87008879,54.41202772,30.58299192,49.898878,65.45589657,43.08475374,44.55531062,54.48242826,44.59693291,55.36166571,40.93686576,46.94638495,52.79789016,39.96338139,32.82227027,38.98933561,46.91866321,29.77415294,38.65850068,42.34570323,60.59341622,,
,>Indikator Dimensi Keadilan Demokrasi dan Pemerintahan,2012,,,,,,,,,,,,,,,,,,,,,,,,,,,,,,,,,,,,,,,,,,,,,,,,,
,,,Akses Informasi,,Persentase rumah tangga yang pernah mengakses internet dalam 3 bulan terakhir - inet,%,0=[0x0EA34A][66.66][Rel. Tinggi (> 66.66)] 1=[0xFFFF00][33.33][Rel. Sedang (33.33 - 66.66)] 2=[0xFD0718][Rel. Rendah (< 33.33)],t=[33.33] l=[Batas Rel. Rendah] c=[0xFD0718],,nd=[h],,14.65204402,28.98896666,24.36478638,18.51049738,19.05876148,41.79062711,20.07666703,29.6108577,25.765073,46.82470224,38.66440576,51.39952873,64.25827404,65.44208791,51.9022709,45.20755346,48.8047506,55.52542814,30.30619085,15.27032017,29.86132301,37.12608494,24.48322947,35.58150577,23.25217787,20.66834828,17.86462465,13.62709471,24.02089064,19.61056156,15.5342429,6.951813491,44.89874315,19.83685844,15.18955634,23.02444856,20.16660966,30.30671028,,
,,,Rasa Aman,,Persentase penduduk yang menjadi korban kejahatan dalam setahun terakhir (adjusted) - crime adjusted,%,0=[0x0EA34A][66.66][Rel. Tinggi (> 66.66)] 1=[0xFFFF00][33.33][Rel. Sedang (33.33 - 66.66)] 2=[0xFD0718][Rel. Rendah (< 33.33)],t=[33.33] l=[Batas Rel. Rendah] c=[0xFD0718],,nd=[h],,91.08405377,83.25094914,86.5474072,97.20613162,65.87008061,93.50892856,89.7810976,86.82592879,88.04497114,93.8803926,76.10893433,87.20994321,79.84198212,87.71639487,84.22730399,95.28790868,83.63495496,87.31717655,93.45113278,96.25230924,98.81884283,96.25236652,86.02737557,91.6905197,92.72490866,97.15086034,92.69968805,98.20651498,90.5041878,96.79974396,76.79931384,91.40418934,92.94533104,82.20389712,86.04545258,92.32036031,97.86441177,92.83772017,,
,,,Kebebasan Sipil ,,Aspek Kebebasan Sipil dalam Indeks Demokrasi Indonesia - sipil,%,0=[0x0EA34A][66.66][Rel. Tinggi (> 66.66)] 1=[0xFFFF00][33.33][Rel. Sedang (33.33 - 66.66)] 2=[0xFD0718][Rel. Rendah (< 33.33)],t=[33.33] l=[Batas Rel. Rendah] c=[0xFD0718],,nd=[h],,43.5238295,55.11213119,55.11907719,59.12601882,58.66965091,51.93236516,53.67372907,52.89022889,54.26445105,55.46456643,54.98640749,55.10602943,57.17188588,57.38192377,54.36484069,49.70514212,49.71496253,59.19227313,55.51634527,56.36846732,60.14604777,59.44137499,55.34074833,55.75183574,55.41375421,59.22266953,60.9432415,50.08560179,53.90418803,61.61223836,53.20481062,39.68747933,52.48541485,60.89712284,61.27134481,60.412073,57.37971563,57.43629045,,
,,,Hak Politik ,,Aspek Hak-Hak Politik dalam Indeks Demokrasi Indonesia - politik,%,0=[0x0EA34A][66.66][Rel. Tinggi (> 66.66)] 1=[0xFFFF00][33.33][Rel. Sedang (33.33 - 66.66)] 2=[0xFD0718][Rel. Rendah (< 33.33)],t=[33.33] l=[Batas Rel. Rendah] c=[0xFD0718],,nd=[h],,16.20325571,23.55784446,23.56225278,26.10528356,25.81564678,21.53978589,22.64495348,22.14770016,23.01985891,23.78151971,23.47805312,23.55397194,24.86508076,24.99838264,23.08357183,20.12626475,20.13249733,26.14733228,23.81438148,24.35518611,26.75265136,26.30542634,23.70293777,23.96383699,23.74927141,26.16662354,27.25859539,20.36772588,22.79121572,27.68317847,22.34735143,13.76849188,21.89078237,27.2293259,27.46682823,26.92148595,24.99698123,25.03288679,,
,,,Lembaga Demokrasi ,,Aspek Lembaga Demokrasi dalam Indeks Demokrasi Indonesia - lemdem,%,0=[0x0EA34A][66.66][Rel. Tinggi (> 66.66)] 1=[0xFFFF00][33.33][Rel. Sedang (33.33 - 66.66)] 2=[0xFD0718][Rel. Rendah (< 33.33)],t=[33.33] l=[Batas Rel. Rendah] c=[0xFD0718],,nd=[h],,5.203127578,14.14286811,14.14822657,17.23936274,16.88729988,11.68985264,13.0332196,12.42879209,13.48892928,14.41475261,14.04587916,14.13816094,15.73185613,15.89388887,13.56637439,9.971671962,9.979247875,17.29047432,14.45469715,15.11206268,18.02625925,17.48264277,14.31923372,14.63636516,14.37555376,17.31392348,18.64125059,10.26517578,13.21100608,19.15734505,12.67147468,2.243593378,12.11650021,18.60567257,18.89436433,18.23148316,15.89218541,15.93582978,,
,,2011,,,,,,,,,,,,,,,,,,,,,,,,,,,,,,,,,,,,,,,,,,,,,,,,,
,,,-,,,,,,,,,15.90027619,21.00078988,22.61214457,18.62507802,12.89496663,32.82593133,15.03543885,28.43630782,22.55688751,44.45533205,40.42446023,47.9929847,52.85242538,54.85550217,49.38642685,39.10798516,39.46274489,43.96628636,28.51143452,12.67231152,25.86838744,27.96645226,20.86674173,31.54104077,20.70801586,15.96668073,13.00298283,10.59580979,16.19436041,20.91554668,11.4537046,5.933976291,40.82658852,15.00794346,8.385112236,13.32618689,16.47314813,20.50767047,,
,,,-,,,,,,,,,93.96171206,71.91365306,70.8133336,93.52855401,74.90219418,92.13561418,81.08462272,77.97614248,80.68004129,78.79192126,64.62440136,90.96699319,91.07732567,72.41048644,85.25756459,75.97089253,71.54404737,73.19750048,89.34654932,94.70701397,97.60067566,98.06216044,85.33070153,86.70008143,92.20372545,82.66082528,95.70486022,93.18794313,90.74742396,91.66023982,73.95408069,91.08427759,93.46592885,86.18657316,75.0046336,96.8753209,86.51721949,84.23594294,,
,,,-,,,,,,,,,44.66133105,55.24266735,54.93925495,56.89390932,58.9396344,51.99871737,54.09431367,51.85163292,53.81045468,57.26819878,56.05045696,55.32442463,59.96379558,59.39711274,54.47356888,50.45816793,51.41690681,60.47643573,55.3560321,55.87090353,58.02995884,60.9477455,56.6150327,53.96688817,54.44179156,59.69316997,59.0528547,48.70209347,52.59954256,61.43206417,53.60216976,39.47377196,53.69018365,59.94054409,61.1948054,59.08950537,56.72052245,56.23971392,,
,,,-,,,,,,,,,16.92517824,23.64069006,23.44812747,24.68866119,25.98699351,21.58189674,22.91188016,21.48854867,22.73172726,24.92620635,24.15335883,23.69257783,26.63698386,26.27733502,23.15257686,20.60417732,21.212647,26.96233417,23.71263771,24.03940411,25.40966218,27.26145388,24.51167038,22.83100875,23.13240919,26.46522962,26.05884949,19.4896736,21.96321424,27.56882979,22.59953792,13.63286115,22.65539649,26.62222716,27.41825201,26.08211007,24.57862012,24.27347195,,
,,,-,,,,,,,,,6.080647767,14.24356962,14.00950356,15.51741243,17.09557736,11.74103974,13.3576776,11.62757214,13.13869593,15.80615626,14.86673509,14.30664089,17.88566167,17.44849687,13.65025224,10.55259016,11.29220474,18.28113548,14.33102431,14.72821944,16.39381246,18.64472518,15.30227437,13.2593758,13.62573778,17.67688882,17.18292063,9.197874826,12.2045435,19.01835053,12.97801551,2.078729837,13.04591341,17.86772441,18.83531837,17.21119462,15.38365394,15.01273648,,
,,2010,,,,,,,,,,,,,,,,,,,,,,,,,,,,,,,,,,,,,,,,,,,,,,,,,
,,,-,,,,,,,,,6.499212851,15.24699023,19.33551056,16.63874228,10.31339963,33.11125086,15.44173337,21.47397218,19.39822878,45.17792961,34.81717011,35.61208267,53.11004785,44.92350487,42.60450161,32.01320132,36.19895984,41.07142857,23.38502896,12.42614712,29.35004273,25.03829063,14.23780895,28.54880527,13.78400928,12.56224451,11.39279098,11.76353157,14.12306507,22.8095366,7.592084327,5.985115443,32.42440924,11.48746577,7.063300379,13.09131525,17.18828841,22.36417038,,
,,,-,,,,,,,,,97.95226949,72.34924928,74.13292782,88.23299817,84.78939746,94.17340286,77.59381491,81.88037054,82.31394556,88.22680971,63.31841988,85.63261519,91.53707253,73.94141386,71.8654678,79.738756,74.41119717,70.17316511,92.21083288,93.63992978,89.56386944,97.85457768,64.32940393,80.01049403,85.99020246,94.89822835,95.54910275,91.70421758,90.21751829,92.2883665,80.7432248,88.79885392,89.26623996,81.46288285,93.77921035,91.04403555,92.33371795,82.2812958,,
,,,-,,,,,,,,,41.4102278,57.39424173,55.85917086,61.13511911,57.90045517,52.18974395,55.72368427,54.64657389,52.28013332,56.79948019,51.02292997,54.96538918,57.78509879,58.94157276,55.76158746,48.64667027,48.83370003,57.52861693,54.71132067,57.62596028,59.93169474,63.05853115,56.13955074,51.701774,53.68577145,59.45192646,60.70162562,52.41261841,54.7258287,62.56614853,56.11735014,36.7791805,50.95454589,59.51051386,63.06870837,60.00796536,55.11937598,56.82549108,,
,,,-,,,,,,,,,14.86184506,25.00620031,24.0319579,27.38037173,25.32747186,21.70313297,23.94597048,23.26237558,21.76049915,24.62873115,20.96260712,23.46471372,25.2542602,25.9882237,23.97002598,19.45449892,19.57319853,25.09148238,23.30346754,25.15326195,26.61661086,28.60107731,24.20990275,21.39343976,22.65259626,26.3121229,27.10525235,21.84458165,23.31267515,28.28858358,24.195813,11.92272169,20.91920673,26.34930576,28.60753635,26.66501649,23.56244241,24.64523912,,
,,,-,,,,,,,,,3.572599536,15.9033915,14.71916834,18.78927366,16.29390746,11.88840629,14.61464784,13.78371614,11.95813675,15.44456552,10.98827317,14.02966468,16.20491633,17.0970727,14.64388808,9.155118864,9.299402082,16.00705461,13.83366474,16.08214968,17.86089763,20.27308078,14.93546606,11.51196418,13.04250964,17.49078265,18.45485716,12.06034174,13.84485689,19.89323454,14.91833952,0,10.9355186,17.53597962,20.28093195,17.91973623,14.14845707,15.4646315,,
,,2009,,,,,,,,,,,,,,,,,,,,,,,,,,,,,,,,,,,,,,,,,,,,,,,,,
,,,-,,,,,,,,,6.068564673,8.631091747,11.07721646,5.757594929,5.394035792,10.2479678,10.66017052,10.76566033,9.164917114,25.90093266,25.46374844,25.29837059,27.62108147,40.124906,28.1165785,21.3760083,24.90796075,29.82266076,5.410789704,4.161878743,11.53328435,12.10925102,9.758757006,13.19119559,5.852247602,3.442875738,4.801949569,6.065909815,6.152294113,7.282913165,7.804293775,5.444255234,22.33006789,7.15956513,2.669266277,5.862427124,7.397073905,8.163889656,,
,,,-,,,,,,,,,89.6994585,65.04097748,70.79723061,87.6032134,77.51521125,83.68661201,73.96151871,72.38746586,86.50210884,55.76686096,75.09825697,87.03278859,78.58724099,67.81946988,71.83215885,67.82967216,71.64312757,84.11550244,80.35317054,92.00715495,86.50646446,90.95698111,68.55415206,78.71830842,83.50253176,90.44578913,93.22030349,78.35379709,88.54285225,87.52123663,67.48458516,86.56316021,82.57874385,51.36391586,94.54390088,81.60871082,92.01778377,84.85186335,,
,,,-,,,,,,,,,47.02123615,62.51404489,66.630236,67.24261961,69.69462706,66.49490216,65.28975671,60.27726573,63.69476486,69.2582369,61.49204657,63.60052208,68.4362537,70.74472823,66.77771661,59.14897351,61.86149806,67.67020479,64.08043448,68.01066101,68.68771423,70.52902852,63.72964223,63.2968777,67.05050009,73.22965388,70.11656629,59.81312941,65.00037806,70.72658274,63.85421065,45.78772837,66.38700409,68.68423547,70.93342348,71.31852251,69.07149187,65.39114124,,
,,,-,,,,,,,,,23.79887635,33.63148512,36.24385177,36.63250489,38.18868688,36.15796129,35.39310813,32.21189912,34.3808365,37.91172911,32.98286744,34.32102472,37.39005229,38.85514021,36.33745127,31.49582135,33.21734216,36.90387452,34.62560415,37.11994721,37.54964331,38.71824503,34.40297164,34.1283149,36.51057502,40.43221395,38.45647327,31.91733208,35.20945215,38.84362406,34.48202977,23.01602285,36.0894831,37.54743549,38.97489684,39.21930237,37.7932102,35.45745247,,
,,,-,,,,,,,,,12.97622869,24.92808273,28.1034989,28.57591934,30.46750889,27.99909624,27.06939248,23.20253002,25.83894356,30.13085777,24.13966696,25.76624042,29.49674271,31.27760447,28.21727212,22.33211433,24.42467857,28.9057779,26.13646657,29.16842124,29.69073075,31.11120395,25.86584955,25.5319954,28.42770964,33.19458861,30.79301191,22.84447425,26.8461527,31.26360622,25.96194726,12.02464494,27.91585879,29.68804708,31.42317253,31.72025535,29.98679419,27.14760511,,
